{"cameraMode":{"drawMode":0,"name":"Shaded","section":"Shading Mode"},"sceneLighting":false,"audioPlay":false,"sceneViewState":{"m_AlwaysRefresh":false,"showFog":true,"showSkybox":false,"showFlares":true,"showImageEffects":true,"showParticleSystems":true,"showVisualEffectGraphs":true,"m_FxEnabled":true},"in2DMode":false,"pivot":{"x":0.11759652197360993,"y":0.08625178039073944,"z":-0.12345674633979798},"rotation":{"x":-0.03046583943068981,"y":0.968299925327301,"z":-0.14335189759731294,"w":-0.20429840683937074},"size":0.2370983362197876,"orthographic":false}